{"cameraMode":{"drawMode":0,"name":"Shaded","section":"Shading Mode"},"sceneLighting":false,"audioPlay":false,"sceneViewState":{"showFog":true,"showMaterialUpdate":false,"showSkybox":false,"showFlares":true,"showImageEffects":true,"showParticleSystems":true},"in2DMode":false,"pivot":{"x":25.02927017211914,"y":-15.99444580078125,"z":-14.295948028564454},"rotation":{"x":0.04042191430926323,"y":0.95749831199646,"z":-0.23158730566501618,"w":0.16712406277656556},"size":43.128944396972659,"orthographic":false}