{"cameraMode":{"drawMode":0,"name":"Shaded","section":"Shading Mode"},"sceneLighting":false,"audioPlay":false,"sceneViewState":{"showFog":true,"showMaterialUpdate":false,"showSkybox":false,"showFlares":true,"showImageEffects":true,"showParticleSystems":true},"in2DMode":false,"pivot":{"x":-1.4844603538513184,"y":1.1029762029647828,"z":0.09198211133480072},"rotation":{"x":-0.0010390598326921464,"y":-0.7213813066482544,"z":0.0010823013726621867,"w":-0.692536473274231},"size":4.635011196136475,"orthographic":false}